 ,shadow ,japan ,trees ,building ,canon ,music ,anawesomeshot ,chicago ,sky ,flowers ,night ,light ,explored ,vintage ,dog ,love ,pink ,city ,yellow ,sun ,sea ,summer ,colors ,geotagged ,bw ,abigfave ,selfportrait ,man ,d80 ,lights ,italy ,architecture ,diamondclassphotographer ,art ,newyork ,50mm ,explore ,e ,black ,people ,food ,flower ,blue ,sunset ,bokeh ,self ,river ,travel ,usa ,london ,sign ,spring ,red ,italia ,white ,365days ,interestingness ,bird ,me ,france ,california ,reflection ,tree ,photoshop ,film ,girl ,water ,canada ,snow ,graffiti ,lake ,supershot ,color ,winter ,clouds ,india ,nikon ,2008 ,2007 ,paris ,naturesfinest ,blackandwhite ,street ,i500 ,park ,macro ,sanfrancisco ,green ,nature ,impressedbeauty ,streetart ,portrait ,home ,orange ,urban ,beach ,hdr ,nyc ,landscape ,d50
shadow, -1, 1, 6, 0, 7, 1, 1, 0, 11, 4, 7, 25, 1, 1, 2, 1, 2, 2, 9, 5, 0, 3, 3, 4, 13, 2, 3, 6, 1, 2, 0, 4, 2, 2, 0, 1, 15, 1, 6, 1, 0, 3, 10, 5, 1, 2, 2, 1, 1, 2, 1, 5, 9, 0, 9, 1, 6, 0, 6, 0, 4, 8, 9, 1, 1, 3, 3, 0, 1, 0, 0, 0, 4, 3, 6, 0, 6, 2, 1, 0, 1, 6, 6, 2, 4, 2, 2, 7, 6, 1, 0, 7, 3, 3, 4, 2, 0, 0, 3, 1
japan, 1, -1, 0, 2, 7, 0, 2, 0, 9, 4, 4, 4, 3, 0, 0, 3, 3, 3, 4, 2, 1, 0, 1, 16, 9, 3, 0, 3, 4, 1, 1, 3, 1, 2, 0, 2, 14, 15, 2, 3, 2, 8, 7, 1, 1, 1, 0, 2, 1, 1, 2, 8, 9, 0, 4, 0, 5, 2, 0, 1, 0, 4, 1, 1, 16, 4, 4, 1, 3, 3, 0, 1, 5, 0, 1, 0, 11, 3, 19, 0, 2, 1, 3, 3, 7, 2, 0, 3, 0, 2, 1, 3, 3, 0, 3, 1, 5, 0, 3, 0
trees, 6, 0, -1, 2, 7, 0, 8, 1, 39, 8, 9, 7, 5, 1, 0, 2, 4, 4, 11, 12, 1, 6, 4, 2, 10, 7, 1, 1, 0, 2, 2, 2, 6, 5, 1, 0, 15, 0, 4, 3, 0, 3, 21, 13, 1, 1, 8, 3, 5, 0, 0, 7, 8, 0, 5, 0, 1, 0, 1, 5, 5, 12, 32, 3, 2, 2, 20, 8, 10, 0, 6, 2, 5, 12, 24, 0, 13, 1, 4, 4, 8, 5, 3, 1, 9, 1, 1, 23, 34, 4, 0, 2, 0, 3, 4, 3, 5, 3, 20, 3
building, 0, 2, 2, -1, 4, 0, 2, 2, 20, 0, 12, 13, 2, 0, 1, 0, 0, 21, 8, 1, 1, 1, 2, 2, 10, 2, 0, 1, 2, 2, 4, 53, 0, 3, 9, 0, 17, 3, 9, 4, 0, 0, 18, 5, 1, 0, 3, 5, 12, 6, 6, 0, 5, 1, 12, 0, 6, 1, 0, 0, 7, 13, 5, 2, 2, 0, 6, 6, 1, 2, 1, 2, 2, 1, 11, 3, 4, 2, 5, 0, 0, 6, 4, 3, 1, 0, 4, 9, 0, 1, 0, 0, 4, 3, 13, 0, 5, 8, 6, 1
canon, 7, 7, 7, 4, -1, 7, 8, 0, 30, 3, 20, 17, 17, 3, 13, 5, 2, 16, 6, 18, 7, 9, 6, 8, 26, 16, 13, 7, 0, 8, 16, 8, 13, 10, 10, 22, 54, 8, 13, 16, 2, 17, 27, 19, 16, 8, 7, 16, 13, 10, 2, 14, 12, 10, 19, 7, 13, 6, 11, 13, 8, 8, 9, 4, 2, 13, 28, 9, 5, 2, 6, 8, 18, 7, 20, 8, 0, 9, 28, 4, 6, 13, 17, 17, 5, 24, 2, 13, 32, 5, 1, 27, 7, 6, 8, 17, 10, 7, 13, 0
music, 1, 0, 0, 0, 7, -1, 1, 0, 3, 1, 1, 3, 3, 3, 1, 1, 3, 1, 3, 1, 0, 1, 2, 0, 5, 2, 2, 0, 2, 2, 1, 0, 0, 2, 3, 5, 9, 0, 3, 5, 0, 1, 5, 1, 5, 2, 0, 0, 2, 2, 0, 2, 5, 0, 4, 3, 6, 0, 3, 2, 1, 3, 0, 0, 1, 1, 0, 2, 0, 0, 0, 1, 2, 1, 1, 0, 4, 1, 4, 1, 0, 4, 2, 2, 0, 0, 0, 3, 0, 0, 0, 4, 0, 1, 0, 3, 0, 3, 1, 0
anawesomeshot, 1, 2, 8, 2, 8, 1, -1, 0, 11, 8, 4, 5, 7, 0, 4, 1, 5, 2, 6, 12, 5, 1, 3, 2, 4, 40, 0, 1, 1, 5, 2, 1, 29, 3, 2, 0, 21, 0, 2, 4, 0, 12, 13, 10, 5, 0, 5, 5, 1, 1, 1, 4, 7, 2, 6, 1, 7, 7, 0, 3, 1, 3, 4, 0, 0, 0, 18, 6, 2, 0, 2, 22, 2, 1, 8, 2, 14, 0, 10, 0, 30, 0, 1, 7, 3, 17, 0, 9, 17, 38, 0, 4, 0, 3, 3, 6, 4, 3, 11, 6
chicago, 0, 0, 1, 2, 0, 0, 0, -1, 3, 2, 7, 2, 1, 0, 3, 0, 0, 8, 2, 3, 0, 1, 0, 1, 3, 0, 0, 1, 0, 3, 0, 2, 0, 6, 0, 0, 6, 0, 0, 0, 1, 0, 2, 1, 1, 0, 1, 4, 8, 0, 5, 2, 2, 0, 0, 0, 1, 1, 0, 0, 0, 2, 1, 0, 2, 0, 7, 0, 7, 0, 6, 2, 1, 7, 3, 0, 1, 0, 3, 0, 0, 1, 4, 0, 2, 0, 0, 0, 0, 0, 2, 1, 1, 2, 4, 2, 0, 0, 0, 1
sky, 11, 9, 39, 20, 30, 3, 11, 3, -1, 17, 52, 26, 20, 1, 1, 3, 14, 27, 37, 54, 38, 18, 13, 14, 17, 20, 3, 2, 6, 18, 11, 19, 7, 5, 5, 1, 58, 6, 11, 13, 0, 19, 149, 86, 1, 1, 17, 11, 11, 7, 10, 23, 28, 8, 17, 0, 24, 10, 3, 10, 17, 37, 46, 9, 12, 2, 50, 15, 11, 0, 18, 13, 20, 11, 212, 4, 32, 10, 24, 8, 15, 9, 11, 12, 8, 7, 6, 39, 50, 16, 1, 8, 5, 18, 18, 29, 17, 6, 66, 5
flowers, 4, 4, 8, 0, 3, 1, 8, 2, 17, -1, 0, 6, 5, 2, 0, 8, 28, 1, 28, 5, 0, 1, 12, 4, 3, 15, 0, 0, 6, 1, 3, 0, 4, 5, 0, 1, 24, 4, 3, 1, 1, 57, 21, 0, 15, 2, 0, 1, 4, 0, 0, 23, 11, 3, 21, 1, 6, 0, 3, 1, 7, 2, 7, 0, 1, 3, 1, 2, 1, 0, 0, 3, 5, 1, 2, 2, 8, 4, 13, 2, 21, 2, 0, 5, 2, 40, 3, 23, 39, 13, 0, 6, 2, 8, 0, 4, 0, 0, 7, 1
night, 7, 4, 9, 12, 20, 1, 4, 7, 52, 0, -1, 55, 9, 1, 0, 1, 2, 40, 7, 3, 7, 5, 9, 10, 20, 6, 4, 3, 9, 50, 12, 19, 6, 8, 18, 3, 41, 3, 6, 9, 0, 1, 24, 16, 5, 1, 12, 3, 14, 8, 2, 1, 16, 7, 4, 1, 13, 0, 5, 7, 16, 17, 13, 4, 9, 3, 29, 5, 14, 0, 5, 5, 7, 5, 19, 2, 31, 2, 16, 5, 2, 8, 29, 7, 4, 1, 11, 8, 4, 7, 0, 3, 5, 3, 21, 15, 6, 19, 11, 12
light, 25, 4, 7, 13, 17, 3, 5, 2, 26, 6, 55, -1, 8, 1, 0, 4, 3, 7, 14, 31, 3, 5, 9, 5, 19, 8, 5, 4, 2, 13, 5, 17, 8, 13, 6, 5, 38, 3, 16, 5, 1, 15, 32, 21, 6, 4, 10, 9, 12, 10, 5, 3, 17, 3, 19, 3, 15, 2, 7, 6, 4, 22, 13, 5, 6, 7, 25, 3, 3, 2, 2, 4, 9, 6, 19, 2, 23, 3, 16, 2, 8, 6, 13, 11, 3, 9, 2, 21, 13, 2, 1, 11, 8, 12, 6, 3, 12, 7, 11, 5
explored, 1, 3, 5, 2, 17, 3, 7, 1, 20, 5, 9, 8, -1, 0, 0, 2, 4, 5, 5, 10, 2, 1, 4, 2, 16, 7, 14, 2, 2, 4, 3, 1, 6, 3, 5, 5, 81, 0, 4, 4, 2, 5, 13, 6, 9, 5, 2, 7, 3, 3, 4, 3, 8, 2, 5, 16, 31, 4, 8, 6, 6, 6, 5, 3, 1, 9, 5, 1, 5, 1, 1, 1, 8, 4, 11, 1, 21, 6, 11, 8, 8, 7, 7, 4, 0, 8, 3, 7, 8, 5, 0, 11, 2, 7, 3, 3, 1, 3, 7, 15
vintage, 1, 0, 1, 0, 3, 3, 0, 0, 1, 2, 1, 1, 0, -1, 0, 1, 5, 1, 2, 0, 0, 1, 1, 0, 3, 3, 1, 1, 0, 0, 3, 1, 0, 8, 0, 0, 5, 0, 3, 1, 1, 1, 2, 0, 1, 1, 0, 0, 2, 0, 2, 2, 6, 2, 7, 1, 1, 0, 1, 2, 4, 0, 1, 2, 3, 2, 0, 1, 2, 0, 0, 0, 3, 1, 1, 0, 3, 4, 4, 0, 0, 3, 3, 0, 0, 0, 0, 6, 0, 0, 0, 3, 4, 4, 1, 0, 4, 0, 0, 3
dog, 2, 0, 0, 1, 13, 1, 4, 3, 1, 0, 0, 0, 0, 0, -1, 3, 0, 1, 3, 2, 4, 3, 1, 3, 14, 8, 1, 2, 7, 0, 3, 0, 3, 0, 3, 4, 23, 2, 14, 3, 1, 3, 5, 1, 2, 1, 2, 0, 1, 2, 0, 2, 3, 2, 10, 1, 6, 1, 1, 1, 0, 1, 0, 0, 3, 1, 4, 1, 8, 1, 2, 3, 1, 4, 1, 1, 10, 3, 7, 0, 1, 3, 10, 2, 4, 0, 2, 4, 1, 13, 1, 18, 6, 2, 3, 7, 0, 3, 0, 3
love, 1, 3, 2, 0, 5, 1, 1, 0, 3, 8, 1, 4, 2, 1, 3, -1, 6, 1, 6, 2, 2, 6, 9, 2, 5, 1, 2, 2, 1, 0, 2, 0, 1, 4, 1, 0, 6, 0, 4, 4, 2, 3, 6, 3, 1, 1, 1, 1, 0, 2, 2, 2, 11, 2, 6, 4, 2, 0, 6, 0, 1, 2, 4, 1, 1, 5, 2, 1, 0, 5, 1, 1, 3, 0, 2, 2, 6, 2, 2, 0, 1, 4, 5, 2, 1, 0, 1, 7, 5, 0, 2, 4, 1, 1, 2, 5, 0, 1, 0, 2
pink, 2, 3, 4, 0, 2, 3, 5, 0, 14, 28, 2, 3, 4, 5, 0, 6, -1, 6, 18, 2, 0, 1, 4, 1, 0, 10, 4, 0, 0, 2, 2, 1, 5, 4, 1, 1, 17, 0, 7, 1, 3, 33, 27, 4, 3, 2, 2, 0, 6, 1, 1, 8, 23, 2, 20, 5, 5, 1, 4, 0, 7, 5, 7, 1, 1, 9, 3, 0, 1, 3, 1, 4, 7, 3, 7, 0, 10, 3, 7, 0, 8, 2, 3, 3, 2, 18, 4, 29, 11, 10, 0, 6, 0, 12, 4, 2, 1, 2, 2, 3
city, 2, 3, 4, 21, 16, 1, 2, 8, 27, 1, 40, 7, 5, 1, 1, 1, 6, -1, 7, 2, 2, 4, 2, 6, 13, 5, 1, 6, 6, 22, 10, 37, 5, 17, 17, 0, 34, 3, 7, 11, 1, 2, 13, 14, 1, 1, 7, 9, 15, 8, 3, 5, 10, 8, 4, 0, 7, 1, 1, 1, 16, 13, 5, 0, 2, 1, 11, 9, 6, 3, 2, 2, 7, 8, 20, 2, 14, 7, 10, 2, 0, 5, 30, 4, 6, 2, 6, 5, 5, 0, 3, 4, 2, 2, 66, 1, 13, 21, 7, 1
yellow, 9, 4, 11, 8, 6, 3, 6, 2, 37, 28, 7, 14, 5, 2, 3, 6, 18, 7, -1, 11, 4, 7, 16, 8, 1, 13, 0, 0, 1, 6, 2, 6, 7, 9, 3, 3, 23, 1, 11, 1, 4, 45, 59, 12, 8, 2, 0, 1, 5, 4, 9, 12, 50, 1, 20, 0, 15, 6, 2, 2, 4, 8, 12, 1, 2, 1, 13, 5, 2, 0, 0, 6, 15, 3, 12, 2, 9, 0, 12, 2, 12, 1, 6, 8, 3, 22, 3, 50, 32, 6, 0, 5, 2, 41, 4, 6, 2, 3, 10, 3
sun, 5, 2, 12, 1, 18, 1, 12, 3, 54, 5, 3, 31, 10, 0, 2, 2, 2, 2, 11, -1, 19, 15, 5, 5, 7, 12, 0, 1, 0, 5, 3, 4, 12, 4, 1, 1, 30, 0, 4, 9, 0, 9, 21, 63, 1, 1, 6, 6, 5, 3, 1, 7, 9, 3, 5, 0, 4, 1, 0, 6, 4, 11, 14, 4, 1, 3, 24, 2, 6, 0, 8, 8, 6, 3, 38, 4, 12, 4, 6, 5, 16, 1, 5, 6, 6, 9, 1, 7, 23, 7, 0, 3, 3, 10, 3, 22, 1, 2, 20, 4
colors, 3, 1, 4, 2, 6, 2, 3, 0, 13, 12, 9, 9, 4, 1, 1, 9, 4, 2, 16, 5, 2, 5, -1, 2, 2, 5, 3, 1, 4, 4, 5, 1, 3, 6, 0, 2, 22, 1, 4, 2, 2, 6, 18, 8, 4, 0, 0, 0, 0, 4, 0, 7, 19, 3, 3, 1, 6, 0, 3, 2, 0, 6, 2, 1, 1, 1, 8, 1, 0, 2, 0, 1, 19, 0, 6, 0, 19, 2, 7, 3, 4, 1, 3, 4, 4, 9, 0, 17, 13, 5, 1, 2, 1, 4, 5, 3, 2, 1, 7, 5
summer, 3, 0, 6, 1, 9, 1, 1, 1, 18, 1, 5, 5, 1, 1, 3, 6, 1, 4, 7, 15, 12, -1, 5, 4, 4, 2, 2, 4, 1, 3, 2, 0, 2, 2, 3, 2, 16, 0, 7, 11, 0, 10, 9, 14, 0, 1, 5, 5, 10, 2, 0, 4, 8, 2, 7, 1, 8, 0, 7, 1, 3, 2, 4, 0, 2, 4, 13, 3, 1, 0, 5, 2, 2, 0, 14, 0, 7, 5, 24, 2, 0, 4, 2, 8, 1, 6, 1, 7, 11, 0, 0, 5, 3, 3, 2, 13, 0, 3, 8, 1
sea, 0, 1, 1, 1, 7, 0, 5, 0, 38, 0, 7, 3, 2, 0, 4, 2, 0, 2, 4, 19, -1, 12, 2, 6, 10, 7, 1, 2, 0, 2, 9, 0, 2, 4, 1, 0, 16, 1, 7, 10, 0, 0, 31, 36, 0, 0, 5, 12, 5, 0, 1, 3, 7, 4, 7, 0, 7, 2, 1, 5, 3, 11, 6, 1, 2, 2, 47, 0, 3, 1, 2, 10, 4, 3, 23, 1, 7, 2, 6, 1, 5, 4, 2, 7, 3, 0, 2, 4, 11, 5, 1, 4, 1, 6, 3, 71, 3, 2, 19, 2
geotagged, 4, 16, 2, 2, 8, 0, 2, 1, 14, 4, 10, 5, 2, 0, 3, 2, 1, 6, 8, 5, 6, 4, 2, -1, 11, 10, 1, 4, 8, 2, 4, 13, 3, 8, 12, 2, 52, 2, 0, 7, 0, 5, 11, 11, 1, 1, 5, 9, 4, 15, 5, 4, 7, 3, 2, 0, 17, 3, 1, 9, 2, 6, 2, 1, 1, 2, 8, 1, 2, 3, 4, 5, 3, 2, 13, 1, 18, 2, 16, 6, 2, 6, 4, 37, 3, 4, 2, 8, 10, 3, 2, 3, 1, 3, 7, 6, 15, 11, 13, 0
bw, 13, 9, 10, 10, 26, 5, 4, 3, 17, 3, 20, 19, 16, 3, 14, 5, 0, 13, 1, 7, 10, 4, 2, 11, -1, 12, 25, 25, 8, 4, 21, 19, 7, 8, 2, 12, 42, 5, 43, 24, 1, 2, 5, 4, 5, 6, 6, 5, 13, 4, 4, 4, 2, 10, 40, 15, 11, 3, 17, 10, 12, 17, 10, 6, 19, 21, 15, 11, 10, 3, 5, 6, 0, 7, 13, 3, 39, 9, 19, 11, 2, 135, 29, 11, 4, 8, 5, 0, 14, 5, 0, 58, 2, 0, 13, 12, 2, 6, 16, 4
abigfave, 2, 3, 7, 2, 16, 2, 40, 0, 20, 15, 6, 8, 7, 3, 8, 1, 10, 5, 13, 12, 7, 2, 5, 10, 12, -1, 3, 2, 3, 2, 13, 9, 52, 4, 2, 4, 43, 6, 5, 9, 1, 25, 25, 15, 7, 4, 4, 6, 4, 2, 0, 17, 14, 11, 9, 3, 15, 6, 2, 5, 1, 15, 15, 2, 1, 3, 20, 1, 3, 0, 9, 36, 4, 4, 13, 0, 15, 1, 19, 2, 47, 4, 4, 10, 4, 15, 1, 17, 31, 56, 1, 9, 1, 3, 5, 13, 7, 2, 12, 7
selfportrait, 3, 0, 1, 0, 13, 2, 0, 0, 3, 0, 4, 5, 14, 1, 1, 2, 4, 1, 0, 0, 1, 2, 3, 1, 25, 3, -1, 13, 2, 1, 0, 0, 2, 4, 0, 5, 36, 0, 5, 9, 0, 0, 11, 1, 3, 53, 0, 0, 11, 1, 0, 2, 15, 0, 10, 124, 17, 0, 97, 1, 1, 15, 1, 12, 3, 7, 2, 0, 3, 0, 1, 1, 7, 3, 2, 1, 10, 1, 18, 1, 0, 14, 1, 23, 1, 1, 1, 8, 2, 1, 0, 51, 4, 0, 0, 1, 0, 1, 1, 2
man, 6, 3, 1, 1, 7, 0, 1, 1, 2, 0, 3, 4, 2, 1, 2, 2, 0, 6, 0, 1, 2, 4, 1, 4, 25, 2, 13, -1, 1, 0, 4, 3, 1, 4, 2, 1, 10, 0, 7, 12, 0, 0, 5, 3, 0, 4, 1, 1, 5, 3, 4, 1, 5, 3, 5, 8, 5, 0, 12, 1, 4, 2, 1, 2, 2, 0, 2, 3, 5, 1, 0, 1, 1, 2, 2, 3, 5, 2, 8, 6, 0, 5, 12, 4, 2, 0, 2, 3, 2, 0, 1, 20, 2, 1, 2, 4, 0, 3, 2, 2
d80, 1, 4, 0, 2, 0, 2, 1, 0, 6, 6, 9, 2, 2, 0, 7, 1, 0, 6, 1, 0, 0, 1, 4, 8, 8, 3, 2, 1, -1, 3, 1, 1, 2, 1, 1, 10, 9, 3, 1, 3, 0, 3, 10, 3, 6, 0, 1, 2, 2, 1, 1, 2, 7, 0, 3, 2, 4, 1, 0, 1, 3, 5, 3, 0, 0, 3, 7, 1, 1, 0, 1, 1, 4, 2, 5, 2, 112, 1, 6, 1, 3, 3, 2, 6, 2, 3, 0, 3, 5, 1, 0, 4, 0, 2, 4, 3, 5, 1, 4, 0
lights, 2, 1, 2, 2, 8, 2, 5, 3, 18, 1, 50, 13, 4, 0, 0, 0, 2, 22, 6, 5, 2, 3, 4, 2, 4, 2, 1, 0, 3, -1, 4, 5, 2, 2, 8, 2, 28, 1, 3, 1, 0, 0, 11, 6, 11, 1, 3, 1, 3, 5, 1, 2, 10, 2, 3, 1, 10, 0, 0, 3, 3, 8, 7, 1, 3, 1, 5, 3, 2, 0, 1, 2, 1, 3, 7, 0, 9, 0, 6, 2, 2, 2, 10, 5, 0, 1, 1, 6, 5, 1, 0, 1, 2, 3, 7, 2, 2, 7, 6, 2
italy, 0, 1, 2, 4, 16, 1, 2, 0, 11, 3, 12, 5, 3, 3, 3, 2, 2, 10, 2, 3, 9, 2, 5, 4, 21, 13, 0, 4, 1, 4, -1, 7, 3, 1, 0, 0, 23, 0, 9, 9, 0, 1, 5, 10, 1, 0, 2, 8, 2, 0, 5, 3, 1, 111, 7, 0, 4, 1, 3, 2, 1, 5, 5, 1, 0, 2, 7, 1, 0, 1, 3, 6, 3, 0, 8, 0, 6, 4, 13, 0, 2, 8, 5, 3, 2, 1, 0, 5, 6, 7, 2, 4, 3, 1, 2, 7, 4, 0, 5, 1
architecture, 4, 3, 2, 53, 8, 0, 1, 2, 19, 0, 19, 17, 1, 1, 0, 0, 1, 37, 6, 4, 0, 0, 1, 13, 19, 9, 0, 3, 1, 5, 7, -1, 2, 7, 11, 0, 35, 5, 5, 5, 0, 0, 12, 4, 0, 0, 2, 10, 11, 14, 3, 0, 6, 7, 11, 0, 7, 1, 0, 3, 14, 12, 5, 4, 2, 3, 6, 11, 0, 0, 0, 4, 1, 0, 20, 4, 12, 4, 7, 3, 0, 10, 12, 7, 2, 1, 6, 8, 0, 0, 0, 0, 6, 3, 32, 0, 17, 9, 5, 1
diamondclassphotographer, 2, 1, 6, 0, 13, 0, 29, 0, 7, 4, 6, 8, 6, 0, 3, 1, 5, 5, 7, 12, 2, 2, 3, 3, 7, 52, 2, 1, 2, 2, 3, 2, -1, 5, 1, 1, 27, 3, 3, 5, 1, 22, 11, 9, 3, 1, 4, 7, 1, 1, 0, 16, 11, 2, 3, 0, 9, 3, 1, 3, 1, 5, 7, 2, 1, 5, 8, 0, 3, 0, 0, 25, 1, 1, 6, 0, 14, 1, 12, 1, 35, 4, 0, 10, 1, 16, 0, 8, 15, 40, 0, 5, 1, 2, 0, 7, 3, 3, 8, 6
art, 2, 2, 5, 3, 10, 2, 3, 6, 5, 5, 8, 13, 3, 8, 0, 4, 4, 17, 9, 4, 4, 2, 6, 8, 8, 4, 4, 4, 1, 2, 1, 7, 5, -1, 8, 0, 12, 1, 4, 6, 3, 5, 9, 4, 0, 3, 1, 14, 11, 5, 3, 5, 9, 0, 6, 3, 9, 0, 4, 2, 6, 3, 9, 4, 0, 5, 3, 2, 3, 41, 0, 2, 6, 2, 4, 1, 10, 3, 18, 4, 0, 5, 31, 3, 3, 6, 9, 11, 10, 0, 21, 8, 5, 3, 13, 5, 5, 9, 2, 3
newyork, 0, 0, 1, 9, 10, 3, 2, 0, 5, 0, 18, 6, 5, 0, 3, 1, 1, 17, 3, 1, 1, 3, 0, 12, 2, 2, 0, 2, 1, 8, 0, 11, 1, 8, -1, 0, 24, 0, 2, 3, 0, 1, 5, 9, 2, 0, 6, 5, 19, 1, 6, 1, 6, 0, 1, 0, 13, 1, 2, 0, 0, 4, 4, 2, 0, 0, 1, 2, 2, 5, 1, 1, 3, 1, 10, 0, 3, 6, 13, 0, 0, 3, 11, 12, 2, 1, 0, 8, 2, 1, 2, 6, 0, 3, 6, 2, 9, 100, 2, 0
50mm, 1, 2, 0, 0, 22, 5, 0, 0, 1, 1, 3, 5, 5, 0, 4, 0, 1, 0, 3, 1, 0, 2, 2, 2, 12, 4, 5, 1, 10, 2, 0, 0, 1, 0, 0, -1, 13, 4, 3, 3, 0, 4, 5, 1, 14, 5, 0, 1, 0, 0, 1, 1, 2, 0, 4, 5, 5, 0, 2, 3, 2, 2, 1, 0, 7, 5, 4, 5, 1, 0, 0, 2, 2, 2, 0, 1, 29, 2, 5, 2, 2, 2, 5, 3, 0, 9, 0, 3, 1, 0, 0, 17, 0, 2, 2, 1, 1, 0, 1, 6
explore, 15, 14, 15, 17, 54, 9, 21, 6, 58, 24, 41, 38, 81, 5, 23, 6, 17, 34, 23, 30, 16, 16, 22, 52, 42, 43, 36, 10, 9, 28, 23, 35, 27, 12, 24, 13, -1, 4, 17, 21, 13, 41, 58, 45, 19, 17, 12, 16, 28, 32, 10, 16, 41, 16, 32, 25, 177, 12, 28, 22, 25, 25, 30, 14, 22, 9, 40, 13, 9, 10, 11, 21, 14, 13, 34, 7, 49, 21, 61, 13, 30, 23, 26, 106, 6, 42, 7, 24, 44, 25, 4, 42, 14, 27, 22, 16, 13, 30, 26, 18
e, 1, 15, 0, 3, 8, 0, 0, 0, 6, 4, 3, 3, 0, 0, 2, 0, 0, 3, 1, 0, 1, 0, 1, 2, 5, 6, 0, 0, 3, 1, 0, 5, 3, 1, 0, 4, 4, -1, 0, 1, 3, 12, 7, 2, 2, 0, 1, 5, 0, 1, 0, 3, 2, 0, 1, 0, 0, 0, 1, 0, 1, 1, 0, 1, 5, 3, 5, 0, 1, 1, 0, 0, 1, 0, 2, 0, 13, 7, 7, 1, 1, 1, 2, 3, 1, 3, 1, 3, 5, 1, 0, 6, 3, 0, 2, 2, 0, 0, 3, 1
black, 6, 2, 4, 9, 13, 3, 2, 0, 11, 3, 6, 16, 4, 3, 14, 4, 7, 7, 11, 4, 7, 7, 4, 0, 43, 5, 5, 7, 1, 3, 9, 5, 3, 4, 2, 3, 17, 0, -1, 5, 1, 3, 9, 6, 1, 5, 2, 2, 7, 6, 0, 3, 32, 1, 108, 0, 2, 4, 9, 4, 3, 8, 5, 3, 5, 7, 8, 1, 2, 2, 2, 0, 8, 1, 7, 1, 9, 1, 15, 3, 1, 15, 3, 1, 5, 9, 2, 11, 5, 4, 0, 20, 2, 15, 10, 5, 2, 2, 1, 3
people, 1, 3, 3, 4, 16, 5, 4, 0, 13, 1, 9, 5, 4, 1, 3, 4, 1, 11, 1, 9, 10, 11, 2, 7, 24, 9, 9, 12, 3, 1, 9, 5, 5, 6, 3, 3, 21, 1, 5, -1, 0, 0, 9, 8, 4, 2, 2, 10, 9, 4, 3, 3, 8, 6, 7, 4, 13, 0, 11, 3, 8, 7, 6, 3, 3, 10, 8, 3, 3, 0, 0, 1, 4, 3, 4, 9, 17, 4, 23, 6, 2, 13, 27, 7, 5, 2, 7, 5, 3, 4, 0, 28, 4, 3, 5, 9, 1, 6, 4, 6
food, 0, 2, 0, 0, 2, 0, 0, 1, 0, 1, 0, 1, 2, 1, 1, 2, 3, 1, 4, 0, 0, 0, 2, 0, 1, 1, 0, 0, 0, 0, 0, 0, 1, 3, 0, 0, 13, 3, 1, 0, -1, 0, 1, 0, 0, 0, 0, 3, 3, 3, 1, 2, 7, 1, 1, 0, 6, 0, 0, 1, 3, 0, 0, 0, 1, 0, 1, 1, 0, 0, 0, 0, 2, 0, 0, 2, 1, 5, 8, 0, 0, 0, 0, 2, 0, 8, 3, 4, 1, 0, 0, 0, 3, 6, 0, 0, 0, 2, 0, 0
flower, 3, 8, 3, 0, 17, 1, 12, 0, 19, 57, 1, 15, 5, 1, 3, 3, 33, 2, 45, 9, 0, 10, 6, 5, 2, 25, 0, 0, 3, 0, 1, 0, 22, 5, 1, 4, 41, 12, 3, 0, 0, -1, 33, 2, 16, 0, 1, 1, 12, 0, 0, 30, 36, 1, 18, 0, 9, 4, 0, 3, 7, 3, 11, 2, 2, 4, 8, 0, 0, 0, 2, 12, 11, 5, 1, 4, 12, 4, 13, 3, 38, 1, 1, 12, 5, 70, 1, 35, 65, 28, 0, 2, 3, 22, 3, 3, 2, 1, 4, 6
blue, 10, 7, 21, 18, 27, 5, 13, 2, 149, 21, 24, 32, 13, 2, 5, 6, 27, 13, 59, 21, 31, 9, 18, 11, 5, 25, 11, 5, 10, 11, 5, 12, 11, 9, 5, 5, 58, 7, 9, 9, 1, 33, -1, 18, 10, 3, 8, 11, 12, 5, 9, 19, 60, 3, 39, 11, 28, 9, 11, 7, 11, 23, 23, 10, 6, 8, 71, 14, 12, 1, 15, 7, 27, 9, 65, 5, 28, 8, 27, 5, 11, 2, 10, 14, 8, 25, 4, 79, 43, 10, 1, 20, 2, 33, 5, 25, 14, 6, 30, 5
sunset, 5, 1, 13, 5, 19, 1, 10, 1, 86, 0, 16, 21, 6, 0, 1, 3, 4, 14, 12, 63, 36, 14, 8, 11, 4, 15, 1, 3, 3, 6, 10, 4, 9, 4, 9, 1, 45, 2, 6, 8, 0, 2, 18, -1, 1, 0, 12, 8, 7, 2, 3, 2, 22, 9, 2, 0, 13, 1, 1, 1, 15, 17, 24, 2, 4, 2, 28, 7, 5, 0, 15, 8, 7, 9, 74, 3, 18, 5, 14, 1, 17, 3, 4, 11, 4, 2, 9, 4, 22, 12, 0, 3, 4, 20, 7, 44, 16, 10, 26, 4
bokeh, 1, 1, 1, 1, 16, 5, 5, 1, 1, 15, 5, 6, 9, 1, 2, 1, 3, 1, 8, 1, 0, 0, 4, 1, 5, 7, 3, 0, 6, 11, 1, 0, 3, 0, 2, 14, 19, 2, 1, 4, 0, 16, 10, 1, -1, 1, 0, 2, 7, 1, 0, 8, 11, 0, 7, 2, 15, 3, 1, 0, 3, 2, 9, 1, 3, 3, 7, 5, 3, 0, 0, 3, 2, 6, 1, 1, 24, 0, 6, 1, 9, 3, 3, 9, 0, 21, 0, 12, 5, 5, 0, 8, 1, 7, 2, 1, 0, 2, 0, 9
self, 2, 1, 1, 0, 8, 2, 0, 0, 1, 2, 1, 4, 5, 1, 1, 1, 2, 1, 2, 1, 0, 1, 0, 1, 6, 4, 53, 4, 0, 1, 0, 0, 1, 3, 0, 5, 17, 0, 5, 2, 0, 0, 3, 0, 1, -1, 0, 0, 0, 0, 0, 3, 3, 0, 6, 47, 2, 0, 50, 1, 0, 10, 0, 5, 2, 4, 0, 5, 1, 0, 0, 0, 7, 0, 1, 0, 8, 1, 3, 1, 0, 3, 0, 7, 0, 1, 0, 3, 2, 1, 0, 59, 3, 0, 0, 0, 0, 1, 0, 3
river, 2, 0, 8, 3, 7, 0, 5, 1, 17, 0, 12, 10, 2, 0, 2, 1, 2, 7, 0, 6, 5, 5, 0, 5, 6, 4, 0, 1, 1, 3, 2, 2, 4, 1, 6, 0, 12, 1, 2, 2, 0, 1, 8, 12, 0, 0, -1, 3, 7, 7, 2, 5, 5, 1, 2, 0, 3, 1, 0, 4, 3, 9, 6, 0, 4, 0, 36, 3, 5, 0, 3, 3, 1, 5, 8, 3, 6, 2, 5, 3, 4, 5, 1, 5, 9, 1, 1, 6, 16, 3, 0, 3, 1, 2, 4, 2, 5, 6, 9, 1
travel, 1, 2, 3, 5, 16, 0, 5, 4, 11, 1, 3, 9, 7, 0, 0, 1, 0, 9, 1, 6, 12, 5, 0, 9, 5, 6, 0, 1, 2, 1, 8, 10, 7, 14, 5, 1, 16, 5, 2, 10, 3, 1, 11, 8, 2, 0, 3, -1, 16, 3, 4, 4, 4, 4, 2, 0, 8, 2, 4, 5, 3, 11, 6, 2, 1, 2, 12, 0, 4, 0, 1, 3, 5, 1, 8, 5, 16, 4, 16, 5, 5, 5, 6, 12, 2, 1, 4, 2, 13, 4, 0, 3, 1, 1, 7, 9, 9, 5, 14, 6
usa, 1, 1, 5, 12, 13, 2, 1, 8, 11, 4, 14, 12, 3, 2, 1, 0, 6, 15, 5, 5, 5, 10, 0, 4, 13, 4, 11, 5, 2, 3, 2, 11, 1, 11, 19, 0, 28, 0, 7, 9, 3, 12, 12, 7, 7, 0, 7, 16, -1, 0, 1, 10, 12, 0, 6, 10, 28, 1, 6, 2, 35, 5, 5, 4, 2, 1, 10, 3, 4, 0, 1, 3, 3, 5, 8, 0, 20, 4, 33, 1, 5, 8, 7, 27, 7, 4, 17, 8, 13, 1, 0, 7, 7, 6, 4, 6, 5, 15, 11, 1
london, 2, 1, 0, 6, 10, 2, 1, 0, 7, 0, 8, 10, 3, 0, 2, 2, 1, 8, 4, 3, 0, 2, 4, 15, 4, 2, 1, 3, 1, 5, 0, 14, 1, 5, 1, 0, 32, 1, 6, 4, 3, 0, 5, 2, 1, 0, 7, 3, 0, -1, 6, 0, 7, 0, 7, 1, 3, 2, 2, 0, 0, 4, 4, 2, 3, 1, 3, 0, 0, 15, 0, 0, 1, 2, 1, 0, 4, 2, 12, 0, 0, 4, 13, 12, 4, 1, 0, 4, 3, 0, 11, 1, 0, 5, 8, 0, 1, 0, 3, 0
sign, 1, 2, 0, 6, 2, 0, 1, 5, 10, 0, 2, 5, 4, 2, 0, 2, 1, 3, 9, 1, 1, 0, 0, 5, 4, 0, 0, 4, 1, 1, 5, 3, 0, 3, 6, 1, 10, 0, 0, 3, 1, 0, 9, 3, 0, 0, 2, 4, 1, 6, -1, 0, 11, 1, 2, 0, 5, 1, 0, 1, 4, 2, 0, 0, 1, 1, 1, 1, 2, 2, 1, 0, 2, 1, 2, 0, 4, 2, 9, 1, 0, 1, 5, 3, 0, 0, 4, 1, 0, 0, 3, 1, 0, 2, 6, 3, 0, 4, 1, 1
red, 9, 9, 8, 5, 12, 5, 7, 2, 28, 11, 16, 17, 8, 6, 3, 11, 23, 10, 50, 9, 7, 8, 19, 7, 2, 14, 15, 5, 7, 10, 1, 6, 11, 9, 6, 2, 41, 2, 32, 8, 7, 36, 60, 22, 11, 3, 5, 4, 12, 7, 11, 9, -1, 1, 42, 12, 15, 2, 11, 10, 12, 9, 16, 2, 5, 4, 17, 11, 6, 3, 4, 5, 22, 4, 13, 8, 21, 6, 28, 4, 12, 1, 14, 7, 5, 27, 4, 59, 12, 10, 6, 14, 4, 36, 12, 5, 4, 6, 4, 3
spring, 5, 8, 7, 0, 14, 2, 4, 2, 23, 23, 1, 3, 3, 2, 2, 2, 8, 5, 12, 7, 3, 4, 7, 4, 4, 17, 2, 1, 2, 2, 3, 0, 16, 5, 1, 1, 16, 3, 3, 3, 2, 30, 19, 2, 8, 3, 5, 4, 10, 0, 0, -1, 9, 1, 5, 0, 6, 3, 3, 2, 4, 3, 17, 1, 0, 5, 6, 4, 6, 1, 1, 8, 11, 2, 13, 0, 7, 11, 23, 2, 17, 2, 3, 5, 7, 20, 2, 25, 29, 21, 0, 5, 1, 1, 5, 1, 2, 1, 12, 0
italia, 0, 0, 0, 1, 10, 0, 2, 0, 8, 3, 7, 3, 2, 2, 2, 2, 2, 8, 1, 3, 4, 2, 3, 3, 10, 11, 0, 3, 0, 2, 111, 7, 2, 0, 0, 0, 16, 0, 1, 6, 1, 1, 3, 9, 0, 0, 1, 4, 0, 0, 1, 1, 1, -1, 0, 0, 1, 1, 0, 0, 0, 2, 5, 0, 0, 0, 3, 0, 0, 1, 4, 4, 1, 0, 6, 0, 3, 2, 13, 0, 2, 5, 4, 3, 2, 0, 0, 1, 2, 6, 1, 2, 3, 0, 2, 3, 2, 0, 1, 1
white, 9, 4, 5, 12, 19, 4, 6, 0, 17, 21, 4, 19, 5, 7, 10, 6, 20, 4, 20, 5, 7, 7, 3, 2, 40, 9, 10, 5, 3, 3, 7, 11, 3, 6, 1, 4, 32, 1, 108, 7, 1, 18, 39, 2, 7, 6, 2, 2, 6, 7, 2, 5, 42, 0, -1, 7, 5, 6, 11, 5, 6, 13, 9, 3, 3, 8, 19, 6, 12, 2, 2, 3, 8, 7, 11, 1, 11, 4, 15, 3, 4, 17, 6, 5, 4, 22, 3, 28, 10, 6, 0, 17, 5, 15, 6, 6, 2, 4, 6, 3
365days, 1, 0, 0, 0, 7, 3, 1, 0, 0, 1, 1, 3, 16, 1, 1, 4, 5, 0, 0, 0, 0, 1, 1, 0, 15, 3, 124, 8, 2, 1, 0, 0, 0, 3, 0, 5, 25, 0, 0, 4, 0, 0, 11, 0, 2, 47, 0, 0, 10, 1, 0, 0, 12, 0, 7, -1, 14, 0, 65, 1, 0, 2, 1, 11, 0, 2, 1, 0, 1, 0, 0, 2, 6, 1, 0, 0, 13, 0, 11, 1, 0, 11, 1, 22, 1, 1, 0, 8, 0, 1, 0, 27, 3, 0, 0, 2, 0, 0, 0, 2
interestingness, 6, 5, 1, 6, 13, 6, 7, 1, 24, 6, 13, 15, 31, 1, 6, 2, 5, 7, 15, 4, 7, 8, 6, 17, 11, 15, 17, 5, 4, 10, 4, 7, 9, 9, 13, 5, 177, 0, 2, 13, 6, 9, 28, 13, 15, 2, 3, 8, 28, 3, 5, 6, 15, 1, 5, 14, -1, 9, 6, 2, 2, 7, 9, 6, 11, 3, 9, 5, 2, 3, 4, 6, 2, 5, 12, 1, 33, 5, 52, 1, 12, 5, 6, 77, 6, 10, 0, 9, 18, 11, 2, 21, 6, 8, 5, 11, 0, 14, 7, 12
bird, 0, 2, 0, 1, 6, 0, 7, 1, 10, 0, 0, 2, 4, 0, 1, 0, 1, 1, 6, 1, 2, 0, 0, 3, 3, 6, 0, 0, 1, 0, 1, 1, 3, 0, 1, 0, 12, 0, 4, 0, 0, 4, 9, 1, 3, 0, 1, 2, 1, 2, 1, 3, 2, 1, 6, 0, 9, -1, 0, 1, 2, 3, 3, 1, 2, 1, 11, 0, 2, 1, 2, 5, 4, 4, 5, 4, 8, 2, 3, 2, 17, 2, 1, 3, 3, 2, 1, 4, 32, 9, 0, 2, 0, 2, 0, 4, 0, 1, 1, 3
me, 6, 0, 1, 0, 11, 3, 0, 0, 3, 3, 5, 7, 8, 1, 1, 6, 4, 1, 2, 0, 1, 7, 3, 1, 17, 2, 97, 12, 0, 0, 3, 0, 1, 4, 2, 2, 28, 1, 9, 11, 0, 0, 11, 1, 1, 50, 0, 4, 6, 2, 0, 3, 11, 0, 11, 65, 6, 0, -1, 1, 2, 16, 1, 8, 3, 7, 1, 1, 4, 2, 0, 3, 5, 3, 2, 2, 8, 4, 13, 2, 0, 11, 2, 5, 2, 1, 0, 10, 3, 2, 0, 48, 7, 1, 2, 1, 0, 1, 2, 2
france, 0, 1, 5, 0, 13, 2, 3, 0, 10, 1, 7, 6, 6, 2, 1, 0, 0, 1, 2, 6, 5, 1, 2, 9, 10, 5, 1, 1, 1, 3, 2, 3, 3, 2, 0, 3, 22, 0, 4, 3, 1, 3, 7, 1, 0, 1, 4, 5, 2, 0, 1, 2, 10, 0, 5, 1, 2, 1, 1, -1, 0, 3, 4, 2, 1, 0, 6, 3, 2, 3, 1, 2, 6, 3, 3, 0, 6, 1, 11, 80, 3, 3, 8, 0, 3, 1, 0, 3, 7, 2, 1, 5, 1, 1, 6, 4, 3, 0, 3, 6
california, 4, 0, 5, 7, 8, 1, 1, 0, 17, 7, 16, 4, 6, 4, 0, 1, 7, 16, 4, 4, 3, 3, 0, 2, 12, 1, 1, 4, 3, 3, 1, 14, 1, 6, 0, 2, 25, 1, 3, 8, 3, 7, 11, 15, 3, 0, 3, 3, 35, 0, 4, 4, 12, 0, 6, 0, 2, 2, 2, 0, -1, 7, 2, 1, 3, 1, 10, 0, 2, 3, 2, 1, 7, 2, 11, 0, 13, 7, 12, 0, 0, 4, 12, 4, 4, 6, 52, 8, 3, 0, 0, 5, 2, 8, 11, 14, 6, 0, 4, 2
reflection, 8, 4, 12, 13, 8, 3, 3, 2, 37, 2, 17, 22, 6, 0, 1, 2, 5, 13, 8, 11, 11, 2, 6, 6, 17, 15, 15, 2, 5, 8, 5, 12, 5, 3, 4, 2, 25, 1, 8, 7, 0, 3, 23, 17, 2, 10, 9, 11, 5, 4, 2, 3, 9, 2, 13, 2, 7, 3, 16, 3, 7, -1, 7, 1, 3, 2, 63, 7, 3, 4, 18, 5, 7, 6, 28, 2, 18, 0, 10, 3, 6, 10, 5, 5, 2, 10, 3, 6, 13, 7, 0, 12, 1, 5, 5, 9, 7, 5, 18, 4
tree, 9, 1, 32, 5, 9, 0, 4, 1, 46, 7, 13, 13, 5, 1, 0, 4, 7, 5, 12, 14, 6, 4, 2, 2, 10, 15, 1, 1, 3, 7, 5, 5, 7, 9, 4, 1, 30, 0, 5, 6, 0, 11, 23, 24, 9, 0, 6, 6, 5, 4, 0, 17, 16, 5, 9, 1, 9, 3, 1, 4, 2, 7, -1, 4, 3, 1, 16, 8, 15, 0, 7, 4, 4, 16, 24, 1, 16, 2, 14, 3, 9, 6, 5, 9, 8, 7, 1, 24, 35, 8, 0, 3, 5, 7, 5, 5, 9, 5, 24, 6
photoshop, 1, 1, 3, 2, 4, 0, 0, 0, 9, 0, 4, 5, 3, 2, 0, 1, 1, 0, 1, 4, 1, 0, 1, 1, 6, 2, 12, 2, 0, 1, 1, 4, 2, 4, 2, 0, 14, 1, 3, 3, 0, 2, 10, 2, 1, 5, 0, 2, 4, 2, 0, 1, 2, 0, 3, 11, 6, 1, 8, 2, 1, 1, 4, -1, 1, 2, 4, 3, 2, 1, 0, 1, 2, 1, 5, 1, 7, 5, 8, 1, 0, 5, 1, 7, 1, 1, 2, 6, 2, 1, 2, 6, 0, 3, 1, 2, 9, 1, 2, 3
film, 1, 16, 2, 2, 2, 1, 0, 2, 12, 1, 9, 6, 1, 3, 3, 1, 1, 2, 2, 1, 2, 2, 1, 1, 19, 1, 3, 2, 0, 3, 0, 2, 1, 0, 0, 7, 22, 5, 5, 3, 1, 2, 6, 4, 3, 2, 4, 1, 2, 3, 1, 0, 5, 0, 3, 0, 11, 2, 3, 1, 3, 3, 3, 1, -1, 3, 3, 6, 4, 2, 3, 0, 5, 3, 4, 4, 8, 8, 19, 2, 1, 8, 8, 3, 2, 0, 1, 2, 2, 0, 2, 6, 1, 2, 2, 6, 1, 3, 4, 0
girl, 3, 4, 2, 0, 13, 1, 0, 0, 2, 3, 3, 7, 9, 2, 1, 5, 9, 1, 1, 3, 2, 4, 1, 2, 21, 3, 7, 0, 3, 1, 2, 3, 5, 5, 0, 5, 9, 3, 7, 10, 0, 4, 8, 2, 3, 4, 0, 2, 1, 1, 1, 5, 4, 0, 8, 2, 3, 1, 7, 0, 1, 2, 1, 2, 3, -1, 3, 2, 3, 1, 1, 1, 3, 1, 2, 1, 5, 2, 3, 1, 0, 9, 5, 3, 0, 1, 1, 6, 1, 1, 0, 50, 0, 0, 1, 4, 0, 0, 0, 0
water, 3, 4, 20, 6, 28, 0, 18, 7, 50, 1, 29, 25, 5, 0, 4, 2, 3, 11, 13, 24, 47, 13, 8, 8, 15, 20, 2, 2, 7, 5, 7, 6, 8, 3, 1, 4, 40, 5, 8, 8, 1, 8, 71, 28, 7, 0, 36, 12, 10, 3, 1, 6, 17, 3, 19, 1, 9, 11, 1, 6, 10, 63, 16, 4, 3, 3, -1, 31, 14, 0, 62, 15, 14, 18, 40, 2, 31, 2, 12, 1, 13, 8, 1, 13, 11, 28, 2, 31, 74, 15, 0, 2, 3, 11, 3, 42, 8, 0, 62, 7
canada, 0, 1, 8, 6, 9, 2, 6, 0, 15, 2, 5, 3, 1, 1, 1, 1, 0, 9, 5, 2, 0, 3, 1, 1, 11, 1, 0, 3, 1, 3, 1, 11, 0, 2, 2, 5, 13, 0, 1, 3, 1, 0, 14, 7, 5, 5, 3, 0, 3, 0, 1, 4, 11, 0, 6, 0, 5, 0, 1, 3, 0, 7, 8, 3, 6, 2, 31, -1, 17, 1, 25, 3, 2, 13, 16, 0, 14, 5, 8, 0, 2, 6, 9, 0, 5, 1, 0, 8, 24, 2, 1, 6, 3, 2, 6, 3, 5, 0, 31, 0
snow, 1, 3, 10, 1, 5, 0, 2, 7, 11, 1, 14, 3, 5, 2, 8, 0, 1, 6, 2, 6, 3, 1, 0, 2, 10, 3, 3, 5, 1, 2, 0, 0, 3, 3, 2, 1, 9, 1, 2, 3, 0, 0, 12, 5, 3, 1, 5, 4, 4, 0, 2, 6, 6, 0, 12, 1, 2, 2, 4, 2, 2, 3, 15, 2, 4, 3, 14, 17, -1, 1, 9, 1, 2, 62, 14, 0, 11, 5, 8, 2, 5, 6, 10, 1, 4, 2, 1, 4, 14, 3, 0, 5, 2, 1, 6, 2, 4, 6, 18, 2
graffiti, 0, 3, 0, 2, 2, 0, 0, 0, 0, 0, 0, 2, 1, 0, 1, 5, 3, 3, 0, 0, 1, 0, 2, 3, 3, 0, 0, 1, 0, 0, 1, 0, 0, 41, 5, 0, 10, 1, 2, 0, 0, 0, 1, 0, 0, 0, 0, 0, 0, 15, 2, 1, 3, 1, 2, 0, 3, 1, 2, 3, 3, 4, 0, 1, 2, 1, 0, 1, 1, -1, 0, 1, 2, 0, 0, 0, 1, 0, 10, 2, 0, 2, 8, 5, 0, 0, 23, 3, 0, 0, 68, 2, 0, 0, 5, 1, 1, 26, 0, 0
lake, 0, 0, 6, 1, 6, 0, 2, 6, 18, 0, 5, 2, 1, 0, 2, 1, 1, 2, 0, 8, 2, 5, 0, 4, 5, 9, 1, 0, 1, 1, 3, 0, 0, 0, 1, 0, 11, 0, 2, 0, 0, 2, 15, 15, 0, 0, 3, 1, 1, 0, 1, 1, 4, 4, 2, 0, 4, 2, 0, 1, 2, 18, 7, 0, 3, 1, 62, 25, 9, 0, -1, 3, 2, 15, 16, 1, 14, 0, 6, 1, 4, 3, 0, 6, 2, 0, 0, 3, 24, 5, 0, 2, 1, 2, 0, 4, 5, 0, 35, 2
supershot, 0, 1, 2, 2, 8, 1, 22, 2, 13, 3, 5, 4, 1, 0, 3, 1, 4, 2, 6, 8, 10, 2, 1, 5, 6, 36, 1, 1, 1, 2, 6, 4, 25, 2, 1, 2, 21, 0, 0, 1, 0, 12, 7, 8, 3, 0, 3, 3, 3, 0, 0, 8, 5, 4, 3, 2, 6, 5, 3, 2, 1, 5, 4, 1, 0, 1, 15, 3, 1, 1, 3, -1, 2, 2, 6, 2, 9, 1, 4, 1, 26, 4, 1, 5, 1, 10, 0, 4, 16, 21, 0, 3, 0, 2, 1, 7, 2, 1, 6, 5
color, 4, 5, 5, 2, 18, 2, 2, 1, 20, 5, 7, 9, 8, 3, 1, 3, 7, 7, 15, 6, 4, 2, 19, 3, 0, 4, 7, 1, 4, 1, 3, 1, 1, 6, 3, 2, 14, 1, 8, 4, 2, 11, 27, 7, 2, 7, 1, 5, 3, 1, 2, 11, 22, 1, 8, 6, 2, 4, 5, 6, 7, 7, 4, 2, 5, 3, 14, 2, 2, 2, 2, 2, -1, 2, 12, 0, 14, 2, 9, 3, 4, 3, 3, 1, 3, 12, 3, 25, 16, 3, 0, 8, 4, 9, 6, 7, 0, 3, 11, 6
winter, 3, 0, 12, 1, 7, 1, 1, 7, 11, 1, 5, 6, 4, 1, 4, 0, 3, 8, 3, 3, 3, 0, 0, 2, 7, 4, 3, 2, 2, 3, 0, 0, 1, 2, 1, 2, 13, 0, 1, 3, 0, 5, 9, 9, 6, 0, 5, 1, 5, 2, 1, 2, 4, 0, 7, 1, 5, 4, 3, 3, 2, 6, 16, 1, 3, 1, 18, 13, 62, 0, 15, 2, 2, -1, 11, 0, 10, 8, 11, 1, 3, 6, 2, 1, 4, 5, 0, 2, 15, 3, 0, 4, 3, 3, 4, 2, 3, 1, 20, 3
clouds, 6, 1, 24, 11, 20, 1, 8, 3, 212, 2, 19, 19, 11, 1, 1, 2, 7, 20, 12, 38, 23, 14, 6, 13, 13, 13, 2, 2, 5, 7, 8, 20, 6, 4, 10, 0, 34, 2, 7, 4, 0, 1, 65, 74, 1, 1, 8, 8, 8, 1, 2, 13, 13, 6, 11, 0, 12, 5, 2, 3, 11, 28, 24, 5, 4, 2, 40, 16, 14, 0, 16, 6, 12, 11, -1, 1, 28, 8, 8, 6, 12, 9, 11, 11, 6, 1, 3, 15, 30, 7, 0, 4, 4, 10, 16, 21, 30, 11, 47, 5
india, 0, 0, 0, 3, 8, 0, 2, 0, 4, 2, 2, 2, 1, 0, 1, 2, 0, 2, 2, 4, 1, 0, 0, 1, 3, 0, 1, 3, 2, 0, 0, 4, 0, 1, 0, 1, 7, 0, 1, 9, 2, 4, 5, 3, 1, 0, 3, 5, 0, 0, 0, 0, 8, 0, 1, 0, 1, 4, 2, 0, 0, 2, 1, 1, 4, 1, 2, 0, 0, 0, 1, 2, 0, 0, 1, -1, 6, 0, 6, 0, 3, 0, 3, 1, 0, 7, 0, 2, 6, 2, 0, 6, 1, 1, 1, 4, 0, 0, 1, 0
nikon, 6, 11, 13, 4, 0, 4, 14, 1, 32, 8, 31, 23, 21, 3, 10, 6, 10, 14, 9, 12, 7, 7, 19, 18, 39, 15, 10, 5, 112, 9, 6, 12, 14, 10, 3, 29, 49, 13, 9, 17, 1, 12, 28, 18, 24, 8, 6, 16, 20, 4, 4, 7, 21, 3, 11, 13, 33, 8, 8, 6, 13, 18, 16, 7, 8, 5, 31, 14, 11, 1, 14, 9, 14, 10, 28, 6, -1, 15, 31, 9, 17, 17, 14, 26, 11, 23, 1, 14, 39, 11, 1, 30, 2, 8, 14, 13, 19, 7, 27, 86
2008, 2, 3, 1, 2, 9, 1, 0, 0, 10, 4, 2, 3, 6, 4, 3, 2, 3, 7, 0, 4, 2, 5, 2, 2, 9, 1, 1, 2, 1, 0, 4, 4, 1, 3, 6, 2, 21, 7, 1, 4, 5, 4, 8, 5, 0, 1, 2, 4, 4, 2, 2, 11, 6, 2, 4, 0, 5, 2, 4, 1, 7, 0, 2, 5, 8, 2, 2, 5, 5, 0, 0, 1, 2, 8, 8, 0, 15, -1, 3, 0, 0, 5, 2, 3, 1, 7, 1, 5, 10, 0, 0, 7, 4, 0, 3, 2, 3, 7, 4, 4
2007, 1, 19, 4, 5, 28, 4, 10, 3, 24, 13, 16, 16, 11, 4, 7, 2, 7, 10, 12, 6, 6, 24, 7, 16, 19, 19, 18, 8, 6, 6, 13, 7, 12, 18, 13, 5, 61, 7, 15, 23, 8, 13, 27, 14, 6, 3, 5, 16, 33, 12, 9, 23, 28, 13, 15, 11, 52, 3, 13, 11, 12, 10, 14, 8, 19, 3, 12, 8, 8, 10, 6, 4, 9, 11, 8, 6, 31, 3, -1, 8, 14, 7, 14, 34, 3, 18, 6, 16, 21, 15, 5, 14, 9, 9, 8, 12, 5, 12, 13, 8
naturesfinest, 1, 2, 8, 0, 6, 0, 30, 0, 15, 21, 2, 8, 8, 0, 1, 1, 8, 0, 12, 16, 5, 0, 4, 2, 2, 47, 0, 0, 3, 2, 2, 0, 35, 0, 0, 2, 30, 1, 1, 2, 0, 38, 11, 17, 9, 0, 4, 5, 5, 0, 0, 17, 12, 2, 4, 0, 12, 17, 0, 3, 0, 6, 9, 0, 1, 0, 13, 2, 5, 0, 4, 26, 4, 3, 12, 3, 17, 0, 14, 0, -1, 0, 0, 12, 4, 32, 0, 11, 43, 44, 0, 1, 2, 3, 1, 11, 2, 0, 13, 7
paris, 0, 0, 4, 0, 4, 1, 0, 0, 8, 2, 5, 2, 8, 0, 0, 0, 0, 2, 2, 5, 1, 2, 3, 6, 11, 2, 1, 6, 1, 2, 0, 3, 1, 4, 0, 2, 13, 1, 3, 6, 0, 3, 5, 1, 1, 1, 3, 5, 1, 0, 1, 2, 4, 0, 3, 1, 1, 2, 2, 80, 0, 3, 3, 1, 2, 1, 1, 0, 2, 2, 1, 1, 3, 1, 6, 0, 9, 0, 8, -1, 0, 7, 6, 1, 5, 1, 1, 3, 0, 1, 1, 5, 1, 0, 6, 0, 1, 1, 0, 4
blackandwhite, 6, 1, 5, 6, 13, 4, 0, 1, 9, 2, 8, 6, 7, 3, 3, 4, 2, 5, 1, 1, 4, 4, 1, 6, 135, 4, 14, 5, 3, 2, 8, 10, 4, 5, 3, 2, 23, 1, 15, 13, 0, 1, 2, 3, 3, 3, 5, 5, 8, 4, 1, 2, 1, 5, 17, 11, 5, 2, 11, 3, 4, 10, 6, 5, 8, 9, 8, 6, 6, 2, 3, 4, 3, 6, 9, 0, 17, 5, 7, 7, 0, -1, 10, 8, 1, 1, 2, 0, 6, 1, 0, 22, 3, 0, 4, 7, 2, 8, 8, 3
street, 6, 3, 3, 4, 17, 2, 1, 4, 11, 0, 29, 13, 7, 3, 10, 5, 3, 30, 6, 5, 2, 2, 3, 4, 29, 4, 1, 12, 2, 10, 5, 12, 0, 31, 11, 5, 26, 2, 3, 27, 0, 1, 10, 4, 3, 0, 1, 6, 7, 13, 5, 3, 14, 4, 6, 1, 6, 1, 2, 8, 12, 5, 5, 1, 8, 5, 1, 9, 10, 8, 0, 1, 3, 2, 11, 3, 14, 2, 14, 6, 0, 10, -1, 4, 3, 1, 5, 8, 2, 0, 8, 13, 3, 1, 41, 0, 7, 20, 0, 5
i500, 2, 3, 1, 3, 17, 2, 7, 0, 12, 5, 7, 11, 4, 0, 2, 2, 3, 4, 8, 6, 7, 8, 4, 37, 11, 10, 23, 4, 6, 5, 3, 7, 10, 3, 12, 3, 106, 3, 1, 7, 2, 12, 14, 11, 9, 7, 5, 12, 27, 12, 3, 5, 7, 3, 5, 22, 77, 3, 5, 0, 4, 5, 9, 7, 3, 3, 13, 0, 1, 5, 6, 5, 1, 1, 11, 1, 26, 3, 34, 1, 12, 8, 4, -1, 4, 12, 1, 7, 15, 9, 2, 18, 2, 5, 6, 9, 7, 11, 8, 7
park, 4, 7, 9, 1, 5, 0, 3, 2, 8, 2, 4, 3, 0, 0, 4, 1, 2, 6, 3, 6, 3, 1, 4, 3, 4, 4, 1, 2, 2, 0, 2, 2, 1, 3, 2, 0, 6, 1, 5, 5, 0, 5, 8, 4, 0, 0, 9, 2, 7, 4, 0, 7, 5, 2, 4, 1, 6, 3, 2, 3, 4, 2, 8, 1, 2, 0, 11, 5, 4, 0, 2, 1, 3, 4, 6, 0, 11, 1, 3, 5, 4, 1, 3, 4, -1, 1, 1, 6, 16, 1, 0, 4, 1, 1, 5, 2, 2, 7, 9, 2
macro, 2, 2, 1, 0, 24, 0, 17, 0, 7, 40, 1, 9, 8, 0, 0, 0, 18, 2, 22, 9, 0, 6, 9, 4, 8, 15, 1, 0, 3, 1, 1, 1, 16, 6, 1, 9, 42, 3, 9, 2, 8, 70, 25, 2, 21, 1, 1, 1, 4, 1, 0, 20, 27, 0, 22, 1, 10, 2, 1, 1, 6, 10, 7, 1, 0, 1, 28, 1, 2, 0, 0, 10, 12, 5, 1, 7, 23, 7, 18, 1, 32, 1, 1, 12, 1, -1, 0, 44, 73, 22, 0, 3, 5, 12, 0, 3, 1, 0, 4, 18
green, 7, 3, 23, 9, 13, 3, 9, 0, 39, 23, 8, 21, 7, 6, 4, 7, 29, 5, 50, 7, 4, 7, 17, 8, 0, 17, 8, 3, 3, 6, 5, 8, 8, 11, 8, 3, 24, 3, 11, 5, 4, 35, 79, 4, 12, 3, 6, 2, 8, 4, 1, 25, 59, 1, 28, 8, 9, 4, 10, 3, 8, 6, 24, 6, 2, 6, 31, 8, 4, 3, 3, 4, 25, 2, 15, 2, 14, 5, 16, 3, 11, 0, 8, 7, 6, 44, 3, -1, 55, 14, 2, 12, 1, 26, 6, 3, 4, 7, 17, 8
sanfrancisco, 2, 0, 1, 4, 2, 0, 0, 0, 6, 3, 11, 2, 3, 0, 2, 1, 4, 6, 3, 1, 2, 1, 0, 2, 5, 1, 1, 2, 0, 1, 0, 6, 0, 9, 0, 0, 7, 1, 2, 7, 3, 1, 4, 9, 0, 0, 1, 4, 17, 0, 4, 2, 4, 0, 3, 0, 0, 1, 0, 0, 52, 3, 1, 2, 1, 1, 2, 0, 1, 23, 0, 0, 3, 0, 3, 0, 1, 1, 6, 1, 0, 2, 5, 1, 1, 0, -1, 3, 0, 0, 5, 6, 0, 2, 4, 5, 0, 1, 1, 0
nature, 6, 0, 34, 0, 32, 0, 17, 0, 50, 39, 4, 13, 8, 0, 1, 5, 11, 5, 32, 23, 11, 11, 13, 10, 14, 31, 2, 2, 5, 5, 6, 0, 15, 10, 2, 1, 44, 5, 5, 3, 1, 65, 43, 22, 5, 2, 16, 13, 13, 3, 0, 29, 12, 2, 10, 0, 18, 32, 3, 7, 3, 13, 35, 2, 2, 1, 74, 24, 14, 0, 24, 16, 16, 15, 30, 6, 39, 10, 21, 0, 43, 6, 2, 15, 16, 73, 0, 55, -1, 28, 0, 6, 3, 8, 5, 17, 5, 1, 63, 11
impressedbeauty, 1, 2, 4, 1, 5, 0, 38, 0, 16, 13, 7, 2, 5, 0, 13, 0, 10, 0, 6, 7, 5, 0, 5, 3, 5, 56, 1, 0, 1, 1, 7, 0, 40, 0, 1, 0, 25, 1, 4, 4, 0, 28, 10, 12, 5, 1, 3, 4, 1, 0, 0, 21, 10, 6, 6, 1, 11, 9, 2, 2, 0, 7, 8, 1, 0, 1, 15, 2, 3, 0, 5, 21, 3, 3, 7, 2, 11, 0, 15, 1, 44, 1, 0, 9, 1, 22, 0, 14, 28, -1, 0, 6, 1, 3, 0, 8, 3, 3, 8, 6
streetart, 0, 1, 0, 0, 1, 0, 0, 2, 1, 0, 0, 1, 0, 0, 1, 2, 0, 3, 0, 0, 1, 0, 1, 2, 0, 1, 0, 1, 0, 0, 2, 0, 0, 21, 2, 0, 4, 0, 0, 0, 0, 0, 1, 0, 0, 0, 0, 0, 0, 11, 3, 0, 6, 1, 0, 0, 2, 0, 0, 1, 0, 0, 0, 2, 2, 0, 0, 1, 0, 68, 0, 0, 0, 0, 0, 0, 1, 0, 5, 1, 0, 0, 8, 2, 0, 0, 5, 2, 0, 0, -1, 1, 0, 0, 7, 2, 0, 22, 0, 0
portrait, 7, 3, 2, 0, 27, 4, 4, 1, 8, 6, 3, 11, 11, 3, 18, 4, 6, 4, 5, 3, 4, 5, 2, 3, 58, 9, 51, 20, 4, 1, 4, 0, 5, 8, 6, 17, 42, 6, 20, 28, 0, 2, 20, 3, 8, 59, 3, 3, 7, 1, 1, 5, 14, 2, 17, 27, 21, 2, 48, 5, 5, 12, 3, 6, 6, 50, 2, 6, 5, 2, 2, 3, 8, 4, 4, 6, 30, 7, 14, 5, 1, 22, 13, 18, 4, 3, 6, 12, 6, 6, 1, -1, 4, 3, 4, 7, 2, 9, 0, 7
home, 3, 3, 0, 4, 7, 0, 0, 1, 5, 2, 5, 8, 2, 4, 6, 1, 0, 2, 2, 3, 1, 3, 1, 1, 2, 1, 4, 2, 0, 2, 3, 6, 1, 5, 0, 0, 14, 3, 2, 4, 3, 3, 2, 4, 1, 3, 1, 1, 7, 0, 0, 1, 4, 3, 5, 3, 6, 0, 7, 1, 2, 1, 5, 0, 1, 0, 3, 3, 2, 0, 1, 0, 4, 3, 4, 1, 2, 4, 9, 1, 2, 3, 3, 2, 1, 5, 0, 1, 3, 1, 0, 4, -1, 1, 1, 0, 1, 2, 2, 1
orange, 3, 0, 3, 3, 6, 1, 3, 2, 18, 8, 3, 12, 7, 4, 2, 1, 12, 2, 41, 10, 6, 3, 4, 3, 0, 3, 0, 1, 2, 3, 1, 3, 2, 3, 3, 2, 27, 0, 15, 3, 6, 22, 33, 20, 7, 0, 2, 1, 6, 5, 2, 1, 36, 0, 15, 0, 8, 2, 1, 1, 8, 5, 7, 3, 2, 0, 11, 2, 1, 0, 2, 2, 9, 3, 10, 1, 8, 0, 9, 0, 3, 0, 1, 5, 1, 12, 2, 26, 8, 3, 0, 3, 1, -1, 4, 4, 4, 3, 5, 1
urban, 4, 3, 4, 13, 8, 0, 3, 4, 18, 0, 21, 6, 3, 1, 3, 2, 4, 66, 4, 3, 3, 2, 5, 7, 13, 5, 0, 2, 4, 7, 2, 32, 0, 13, 6, 2, 22, 2, 10, 5, 0, 3, 5, 7, 2, 0, 4, 7, 4, 8, 6, 5, 12, 2, 6, 0, 5, 0, 2, 6, 11, 5, 5, 1, 2, 1, 3, 6, 6, 5, 0, 1, 6, 4, 16, 1, 14, 3, 8, 6, 1, 4, 41, 6, 5, 0, 4, 6, 5, 0, 7, 4, 1, 4, -1, 1, 14, 8, 4, 1
hdr, 0, 5, 5, 5, 10, 0, 4, 0, 17, 0, 6, 12, 1, 4, 0, 0, 1, 13, 2, 1, 3, 0, 2, 15, 2, 7, 0, 0, 5, 2, 4, 17, 3, 5, 9, 1, 13, 0, 2, 1, 0, 2, 14, 16, 0, 0, 5, 9, 5, 1, 0, 2, 4, 2, 2, 0, 0, 0, 0, 3, 6, 7, 9, 9, 1, 0, 8, 5, 4, 1, 5, 2, 0, 3, 30, 0, 19, 3, 5, 1, 2, 2, 7, 7, 2, 1, 0, 4, 5, 3, 0, 2, 1, 4, 14, 5, -1, 10, 17, 3
beach, 2, 1, 3, 0, 17, 3, 6, 2, 29, 4, 15, 3, 3, 0, 7, 5, 2, 1, 6, 22, 71, 13, 3, 6, 12, 13, 1, 4, 3, 2, 7, 0, 7, 5, 2, 1, 16, 2, 5, 9, 0, 3, 25, 44, 1, 0, 2, 9, 6, 0, 3, 1, 5, 3, 6, 2, 11, 4, 1, 4, 14, 9, 5, 2, 6, 4, 42, 3, 2, 1, 4, 7, 7, 2, 21, 4, 13, 2, 12, 0, 11, 7, 0, 9, 2, 3, 5, 3, 17, 8, 2, 7, 0, 4, 1, -1, 5, 2, 18, 4
nyc, 0, 0, 3, 8, 7, 3, 3, 0, 6, 0, 19, 7, 3, 0, 3, 1, 2, 21, 3, 2, 2, 3, 1, 11, 6, 2, 1, 3, 1, 7, 0, 9, 3, 9, 100, 0, 30, 0, 2, 6, 2, 1, 6, 10, 2, 1, 6, 5, 15, 0, 4, 1, 6, 0, 4, 0, 14, 1, 1, 0, 0, 5, 5, 1, 3, 0, 0, 0, 6, 26, 0, 1, 3, 1, 11, 0, 7, 7, 12, 1, 0, 8, 20, 11, 7, 0, 1, 7, 1, 3, 22, 9, 2, 3, 8, 2, 10, -1, 3, 2
landscape, 3, 3, 20, 6, 13, 1, 11, 0, 66, 7, 11, 11, 7, 0, 0, 0, 2, 7, 10, 20, 19, 8, 7, 13, 16, 12, 1, 2, 4, 6, 5, 5, 8, 2, 2, 1, 26, 3, 1, 4, 0, 4, 30, 26, 0, 0, 9, 14, 11, 3, 1, 12, 4, 1, 6, 0, 7, 1, 2, 3, 4, 18, 24, 2, 4, 0, 62, 31, 18, 0, 35, 6, 11, 20, 47, 1, 27, 4, 13, 0, 13, 8, 0, 8, 9, 4, 1, 17, 63, 8, 0, 0, 2, 5, 4, 18, 17, 3, -1, 4
d50, 1, 0, 3, 1, 0, 0, 6, 1, 5, 1, 12, 5, 15, 3, 3, 2, 3, 1, 3, 4, 2, 1, 5, 0, 4, 7, 2, 2, 0, 2, 1, 1, 6, 3, 0, 6, 18, 1, 3, 6, 0, 6, 5, 4, 9, 3, 1, 6, 1, 0, 1, 0, 3, 1, 3, 2, 12, 3, 2, 6, 2, 4, 6, 3, 0, 0, 7, 0, 2, 0, 2, 5, 6, 3, 5, 0, 86, 4, 8, 4, 7, 3, 5, 7, 2, 18, 0, 8, 11, 6, 0, 7, 1, 1, 1, 4, 3, 2, 4, -1
